x,y,x̄,ȳ,Σ(x),Σ(y),δxi = (xi - x̄),δyi = (yi - ȳ),δxi²,Σ(δxi²),δxi * δyi,Σ(δxi * δyi),Coeficiente a,Coeficiente b
1.4,33.62,14.899999999999999,136.1725,59.599999999999994,544.69,-13.499999999999998,-102.55250000000001,182.24999999999994,404.99999999999994,1384.45875,3112.6949999999997,7.685666666666667,21.65606666666669
10.4,95.95,,,,,-4.499999999999998,-40.22250000000001,20.249999999999986,,181.00124999999997,,,
19.4,178.42,,,,,4.5,42.247499999999974,20.25,,190.11374999999987,,,
28.4,236.7,,,,,13.5,100.52749999999997,182.25,,1357.1212499999997,,,
